{}{
    "0": {
        "Name": "",
        "Age": "",
        "Email_id": "",
        "Rating_Chrome_Dino_Game": 0,
        "Game_End_Time": [
            13.05930209159851,
            3.125500202178955,
            3.5314958095550537
        ],
        "Score": [
            326,
            33,
            45
        ],
        "Distance_Threshold": [
            900,
            650,
            350
        ],
        "REACTION_TIME_AUDIO_CUE": [
            0.6051719188690186,
            0.033766984939575195,
            0.4096367359161377
        ],
        "REACTION_TIME_VISUAL_CUE": [
            0.033746957778930664,
            0.43813085556030273,
            0.37281274795532227,
            0.3710339069366455
        ]
    }
}